Workbook

Sheet Tổng quan
B2: QUẢN LÝ CHI TIÊU — DU LỊCH QUY NHƠN (5N4Đ)
B3: Tháng 6/2026 • đơn vị: đồng (đ) • số liệu cập nhật tới ngày 6/6
B5: TỔNG CHI TIÊU | D5: SỐ NGÀY ĐÃ ĐI | F5: TRUNG BÌNH / NGÀY | G5: SỐ GIAO DỊCH
B6: =SUM('Chi tiết'!$D$3:$D$80) -> 4357000 | D6: =COUNTIF(C11:C15,">0") -> 3 | F6: =IFERROR(AVERAGEIF(C11:C15,">0",C11:C15),0) -> 1452333.3 | G6: =COUNTA('Chi tiết'!$B$3:$B$80) -> 35
B9: CHI TIÊU THEO NGÀY | F9: CHI TIÊU THEO DANH MỤC
B10: Ngày | C10: Số tiền | D10: Tỉ lệ | F10: Danh mục | G10: Số tiền | H10: Tỉ lệ
B11: 4/6 | C11: =SUMIF('Chi tiết'!$A$3:$A$80,B11,'Chi tiết'!$D$3:$D$80) -> 1550000 | D11: =IFERROR(C11/$C$16,0) -> 0.35574937 | F11: Ăn uống | G11: =SUMIF('Chi tiết'!$C$3:$C$80,F11,'Chi tiết'!$D$3:$D$80) -> 3821000 | H11: =IFERROR(G11/$G$14,0) -> 0.87697957
B12: 5/6 | C12: =SUMIF('Chi tiết'!$A$3:$A$80,B12,'Chi tiết'!$D$3:$D$80) -> 1792000 | D12: =IFERROR(C12/$C$16,0) -> 0.41129217 | F12: Di chuyển | G12: =SUMIF('Chi tiết'!$C$3:$C$80,F12,'Chi tiết'!$D$3:$D$80) -> 314000 | H12: =IFERROR(G12/$G$14,0) -> 0.072067937
B13: 6/6 | C13: =SUMIF('Chi tiết'!$A$3:$A$80,B13,'Chi tiết'!$D$3:$D$80) -> 1015000 | D13: =IFERROR(C13/$C$16,0) -> 0.23295846 | F13: Đồ dùng & tạp hóa | G13: =SUMIF('Chi tiết'!$C$3:$C$80,F13,'Chi tiết'!$D$3:$D$80) -> 222000 | H13: =IFERROR(G13/$G$14,0) -> 0.05095249
B14: 7/6 | C14: =SUMIF('Chi tiết'!$A$3:$A$80,B14,'Chi tiết'!$D$3:$D$80) -> 0 | D14: =IFERROR(C14/$C$16,0) -> 0 | F14: Tổng | G14: =SUM(G11:G13) -> 4357000 | H14: 1
B15: 8/6 | C15: =SUMIF('Chi tiết'!$A$3:$A$80,B15,'Chi tiết'!$D$3:$D$80) -> 0 | D15: =IFERROR(C15/$C$16,0) -> 0
B16: Tổng | C16: =SUM(C11:C15) -> 4357000 | D16: 1
B18: NGÂN SÁCH (tuỳ chọn — nhập số vào ô vàng)
B19: Ngân sách dự kiến
B20: Đã chi | C20: =SUM('Chi tiết'!$D$3:$D$80) -> 4357000
B21: Còn lại | C21: =IF(C19=0,"—",C19-C20) -> —
B22: % ngân sách đã dùng | C22: =IF(C19=0,"—",C20/C19) -> —

Sheet Chi tiết
A1: CHI TIẾT CHI TIÊU — nhập thêm dòng mới ở đây (số tiền: đồng)
A2: Ngày | B2: Hạng mục | C2: Danh mục | D2: Số tiền (đ) | E2: Ghi chú
A3: 4/6 | B3: Xe taxi | C3: Di chuyển | D3: 200000
A4: 4/6 | B4: Mực | C4: Ăn uống | D4: 350000 | E4: Hải sản
A5: 4/6 | B5: Tôm | C5: Ăn uống | D5: 340000 | E5: Hải sản
A6: 4/6 | B6: Tôm lột | C6: Ăn uống | D6: 130000 | E6: Hải sản
A7: 4/6 | B7: Cua | C7: Ăn uống | D7: 300000 | E7: Hải sản
A8: 4/6 | B8: Ăn tối | C8: Ăn uống | D8: 130000
A9: 4/6 | B9: Ăn cơm | C9: Ăn uống | D9: 100000
A10: 5/6 | B10: Bánh canh + bánh cuốn Tây Sơn | C10: Ăn uống | D10: 70000 | E10: Ăn sáng
A11: 5/6 | B11: Mì gói | C11: Đồ dùng & tạp hóa | D11: 100000 | E11: Ăn sáng / dự trữ
A12: 5/6 | B12: Bột giặt | C12: Đồ dùng & tạp hóa | D12: 19000
A13: 5/6 | B13: Dầu ăn | C13: Đồ dùng & tạp hóa | D13: 21000
A14: 5/6 | B14: Cafe | C14: Ăn uống | D14: 113000 | E14: Ăn sáng
A15: 5/6 | B15: Kem | C15: Ăn uống | D15: 92000
A16: 5/6 | B16: Nước uống | C16: Ăn uống | D16: 95000
A17: 5/6 | B17: Ghẹ | C17: Ăn uống | D17: 400000 | E17: Hải sản
A18: 5/6 | B18: Ốc hương | C18: Ăn uống | D18: 400000 | E18: Hải sản
A19: 5/6 | B19: Tôm biển | C19: Ăn uống | D19: 220000 | E19: Hải sản
A20: 5/6 | B20: Bánh tráng | C20: Ăn uống | D20: 40000
A21: 5/6 | B21: Chôm chôm | C21: Ăn uống | D21: 80000 | E21: Trái cây
A22: 5/6 | B22: Tiền xe đi về | C22: Di chuyển | D22: 60000
A23: 5/6 | B23: Đường, mắm | C23: Đồ dùng & tạp hóa | D23: 22000 | E23: Gia vị
A24: 5/6 | B24: Rau bí, cà, cần | C24: Ăn uống | D24: 35000
A25: 5/6 | B25: Bánh tráng | C25: Ăn uống | D25: 25000
A26: 6/6 | B26: Xe đi về | C26: Di chuyển | D26: 54000
A27: 6/6 | B27: Ổi, mận | C27: Ăn uống | D27: 65000 | E27: Trái cây
A28: 6/6 | B28: Chả cá bánh canh | C28: Ăn uống | D28: 220000
A29: 6/6 | B29: Thịt | C29: Ăn uống | D29: 150000
A30: 6/6 | B30: Chôm chôm | C30: Ăn uống | D30: 70000 | E30: Trái cây
A31: 6/6 | B31: Chè + nem | C31: Ăn uống | D31: 75000
A32: 6/6 | B32: Đậu + tàu hũ | C32: Ăn uống | D32: 55000
A33: 6/6 | B33: Mắm | C33: Đồ dùng & tạp hóa | D33: 40000 | E33: Gia vị
A34: 6/6 | B34: Thơm (trái) | C34: Ăn uống | D34: 25000 | E34: Trái cây
A35: 6/6 | B35: Rau cải, hành | C35: Ăn uống | D35: 21000
A36: 6/6 | B36: Cafe Effoc | C36: Ăn uống | D36: 220000
A37: 6/6 | B37: Giấy vệ sinh | C37: Đồ dùng & tạp hóa | D37: 20000
C82: TỔNG CỘNG | D82: =SUM(D3:D80) -> 4357000
